PDGid,WP,year,period,ptmin,ptmax,etamin,etamax,SF,SFerr
11,MVA90,2016,X,10,20,-2.5,-2,1.01403,0.0207811
11,MVA90,2016,X,10,20,-2,-1.566,0.961735,0.0168117
11,MVA90,2016,X,10,20,-1.566,-1.444,1,1
11,MVA90,2016,X,10,20,-1.444,-0.8,0.965304,0.0114915
11,MVA90,2016,X,10,20,-0.8,0,0.953165,0.0154604
11,MVA90,2016,X,10,20,0,0.8,0.953576,0.0154604
11,MVA90,2016,X,10,20,0.8,1.444,0.973978,0.0114915
11,MVA90,2016,X,10,20,1.444,1.566,1,1
11,MVA90,2016,X,10,20,1.566,2,0.970626,0.0168117
11,MVA90,2016,X,10,20,2,2.5,0.960916,0.0208804
11,MVA90,2016,X,20,35,-2.5,-2,0.990933,0.00900727
11,MVA90,2016,X,20,35,-2,-1.566,0.95092,0.012309
11,MVA90,2016,X,20,35,-1.566,-1.444,1,1
11,MVA90,2016,X,20,35,-1.444,-0.8,0.943847,0.0177214
11,MVA90,2016,X,20,35,-0.8,0,0.951594,0.0149633
11,MVA90,2016,X,20,35,0,0.8,0.96568,0.0149633
11,MVA90,2016,X,20,35,0.8,1.444,0.947368,0.0177214
11,MVA90,2016,X,20,35,1.444,1.566,1,1
11,MVA90,2016,X,20,35,1.566,2,0.933414,0.012309
11,MVA90,2016,X,20,35,2,2.5,0.952618,0.00900727
11,MVA90,2016,X,35,50,-2.5,-2,0.998792,0.00561881
11,MVA90,2016,X,35,50,-2,-1.566,0.968,0.00968129
11,MVA90,2016,X,35,50,-1.566,-1.444,1,1
11,MVA90,2016,X,35,50,-1.444,-0.8,0.960452,0.00370896
11,MVA90,2016,X,35,50,-0.8,0,0.957494,0.00209852
11,MVA90,2016,X,35,50,0,0.8,0.976378,0.00209852
11,MVA90,2016,X,35,50,0.8,1.444,0.964892,0.00370896
11,MVA90,2016,X,35,50,1.444,1.566,1,1
11,MVA90,2016,X,35,50,1.566,2,0.957014,0.00968129
11,MVA90,2016,X,35,50,2,2.5,0.961222,0.00561881
11,MVA90,2016,X,50,100,-2.5,-2,0.995294,0.00752203
11,MVA90,2016,X,50,100,-2,-1.566,0.976898,0.00245317
11,MVA90,2016,X,50,100,-1.566,-1.444,1,1
11,MVA90,2016,X,50,100,-1.444,-0.8,0.964444,0.00278552
11,MVA90,2016,X,50,100,-0.8,0,0.963374,0.00343039
11,MVA90,2016,X,50,100,0,0.8,0.978795,0.00343039
11,MVA90,2016,X,50,100,0.8,1.444,0.969832,0.00278552
11,MVA90,2016,X,50,100,1.444,1.566,1,1
11,MVA90,2016,X,50,100,1.566,2,0.968271,0.00245317
11,MVA90,2016,X,50,100,2,2.5,0.968894,0.00752203
11,MVA90,2016,X,100,200,-2.5,-2,1.01422,0.0324532
11,MVA90,2016,X,100,200,-2,-1.566,0.982961,0.0104205
11,MVA90,2016,X,100,200,-1.566,-1.444,1,1
11,MVA90,2016,X,100,200,-1.444,-0.8,0.976589,0.010742
11,MVA90,2016,X,100,200,-0.8,0,0.982143,0.00882332
11,MVA90,2016,X,100,200,0,0.8,0.991071,0.00882332
11,MVA90,2016,X,100,200,0.8,1.444,0.989853,0.0108981
11,MVA90,2016,X,100,200,1.444,1.566,1,1
11,MVA90,2016,X,100,200,1.566,2,0.994536,0.0106244
11,MVA90,2016,X,100,200,2,2.5,0.994213,0.0323872
11,MVA90,2016,X,200,500,-2.5,-2,0.966224,0.0894252
11,MVA90,2016,X,200,500,-2,-1.566,0.994524,0.0432415
11,MVA90,2016,X,200,500,-1.566,-1.444,1,1
11,MVA90,2016,X,200,500,-1.444,-0.8,0.980769,0.0248379
11,MVA90,2016,X,200,500,-0.8,0,0.978747,0.0234976
11,MVA90,2016,X,200,500,0,0.8,0.975583,0.0234976
11,MVA90,2016,X,200,500,0.8,1.444,0.984073,0.0251693
11,MVA90,2016,X,200,500,1.444,1.566,1,1
11,MVA90,2016,X,200,500,1.566,2,0.952329,0.0432415
11,MVA90,2016,X,200,500,2,2.5,1.01786,0.0903233
PDGid,WP,year,period,ptmin,ptmax,etamin,etamax,SF,SFerr
11,MVA90,2017,X,10,20,-2.5,-2,0.95,0.0112859
11,MVA90,2017,X,10,20,-2,-1.566,0.965909,0.0251865
11,MVA90,2017,X,10,20,-1.566,-1.444,1,1
11,MVA90,2017,X,10,20,-1.444,-0.8,1.0024,0.0532924
11,MVA90,2017,X,10,20,-0.8,0,0.981413,0.0185314
11,MVA90,2017,X,10,20,0,0.8,0.96556,0.0184154
11,MVA90,2017,X,10,20,0.8,1.444,0.995128,0.0532537
11,MVA90,2017,X,10,20,1.444,1.566,1,1
11,MVA90,2017,X,10,20,1.566,2,0.978409,0.0251865
11,MVA90,2017,X,10,20,2,2.5,0.940534,0.0114607
11,MVA90,2017,X,20,35,-2.5,-2,0.931193,0.0189242
11,MVA90,2017,X,20,35,-2,-1.566,0.941436,0.0224862
11,MVA90,2017,X,20,35,-1.566,-1.444,1,1
11,MVA90,2017,X,20,35,-1.444,-0.8,0.954861,0.0305901
11,MVA90,2017,X,20,35,-0.8,0,0.988304,0.0205876
11,MVA90,2017,X,20,35,0,0.8,0.987254,0.0205876
11,MVA90,2017,X,20,35,0.8,1.444,0.976717,0.0305901
11,MVA90,2017,X,20,35,1.444,1.566,1,1
11,MVA90,2017,X,20,35,1.566,2,0.952328,0.0224862
11,MVA90,2017,X,20,35,2,2.5,0.931114,0.0189242
11,MVA90,2017,X,35,50,-2.5,-2,0.941886,0.0109726
11,MVA90,2017,X,35,50,-2,-1.566,0.958511,0.00693532
11,MVA90,2017,X,35,50,-1.566,-1.444,1,1
11,MVA90,2017,X,35,50,-1.444,-0.8,0.966997,0.00783499
11,MVA90,2017,X,35,50,-0.8,0,0.97677,0.00477149
11,MVA90,2017,X,35,50,0,0.8,0.975851,0.00477149
11,MVA90,2017,X,35,50,0.8,1.444,0.967956,0.00783499
11,MVA90,2017,X,35,50,1.444,1.566,1,1
11,MVA90,2017,X,35,50,1.566,2,0.959574,0.00693532
11,MVA90,2017,X,35,50,2,2.5,0.934283,0.0109726
11,MVA90,2017,X,50,100,-2.5,-2,0.943784,0.0145087
11,MVA90,2017,X,50,100,-2,-1.566,0.965553,0.0053735
11,MVA90,2017,X,50,100,-1.566,-1.444,1,1
11,MVA90,2017,X,50,100,-1.444,-0.8,0.967672,0.00269833
11,MVA90,2017,X,50,100,-0.8,0,0.976165,0.00788041
11,MVA90,2017,X,50,100,0,0.8,0.975242,0.00788041
11,MVA90,2017,X,50,100,0.8,1.444,0.970811,0.00269833
11,MVA90,2017,X,50,100,1.444,1.566,1,1
11,MVA90,2017,X,50,100,1.566,2,0.97286,0.0053735
11,MVA90,2017,X,50,100,2,2.5,0.933118,0.0145087
11,MVA90,2017,X,100,200,-2.5,-2,0.973655,0.0159402
11,MVA90,2017,X,100,200,-2,-1.566,0.97286,0.06004
11,MVA90,2017,X,100,200,-1.566,-1.444,1,1
11,MVA90,2017,X,100,200,-1.444,-0.8,0.969925,0.0351614
11,MVA90,2017,X,100,200,-0.8,0,0.982684,0.0222433
11,MVA90,2017,X,100,200,0,0.8,0.988147,0.0222433
11,MVA90,2017,X,100,200,0.8,1.444,0.977346,0.0351614
11,MVA90,2017,X,100,200,1.444,1.566,1,1
11,MVA90,2017,X,100,200,1.566,2,0.995807,0.0600691
11,MVA90,2017,X,100,200,2,2.5,0.952637,0.0160763
11,MVA90,2017,X,200,500,-2.5,-2,0.867357,0.0595752
11,MVA90,2017,X,200,500,-2,-1.566,0.994512,0.0637457
11,MVA90,2017,X,200,500,-1.566,-1.444,1,1
11,MVA90,2017,X,200,500,-1.444,-0.8,0.978284,0.0593773
11,MVA90,2017,X,200,500,-0.8,0,0.989189,0.0433251
11,MVA90,2017,X,200,500,0,0.8,0.953878,0.042983
11,MVA90,2017,X,200,500,0.8,1.444,0.960428,0.0593773
11,MVA90,2017,X,200,500,1.444,1.566,1,1
11,MVA90,2017,X,200,500,1.566,2,0.961257,0.0633254
11,MVA90,2017,X,200,500,2,2.5,1.06021,0.0695693
PDGid,WP,year,period,ptmin,ptmax,etamin,etamax,SF,SFerr
11,MVA90,2018,X,10,20,-2.5,-2,0.993655,0.0178372
11,MVA90,2018,X,10,20,-2,-1.566,0.976048,0.022876
11,MVA90,2018,X,10,20,-1.566,-1.444,1,1
11,MVA90,2018,X,10,20,-1.444,-0.8,1.0025,0.0150739
11,MVA90,2018,X,10,20,-0.8,0,0.957801,0.0194967
11,MVA90,2018,X,10,20,0,0.8,0.98973,0.0195466
11,MVA90,2018,X,10,20,0.8,1.444,1.01521,0.0150739
11,MVA90,2018,X,10,20,1.444,1.566,1,1
11,MVA90,2018,X,10,20,1.566,2,0.99035,0.022876
11,MVA90,2018,X,10,20,2,2.5,0.994878,0.0178344
11,MVA90,2018,X,20,35,-2.5,-2,0.978799,0.0186996
11,MVA90,2018,X,20,35,-2,-1.566,0.958998,0.0201777
11,MVA90,2018,X,20,35,-1.566,-1.444,1,1
11,MVA90,2018,X,20,35,-1.444,-0.8,0.96702,0.0271481
11,MVA90,2018,X,20,35,-0.8,0,0.968123,0.0179238
11,MVA90,2018,X,20,35,0,0.8,0.974057,0.0179238
11,MVA90,2018,X,20,35,0.8,1.444,0.965517,0.0271481
11,MVA90,2018,X,20,35,1.444,1.566,1,1
11,MVA90,2018,X,20,35,1.566,2,0.95439,0.0201777
11,MVA90,2018,X,20,35,2,2.5,0.96816,0.0186996
11,MVA90,2018,X,35,50,-2.5,-2,0.978912,0.0057735
11,MVA90,2018,X,35,50,-2,-1.566,0.970968,0.00368188
11,MVA90,2018,X,35,50,-1.566,-1.444,1,1
11,MVA90,2018,X,35,50,-1.444,-0.8,0.972467,0.00353568
11,MVA90,2018,X,35,50,-0.8,0,0.975798,0.00296214
11,MVA90,2018,X,35,50,0,0.8,0.976898,0.00296214
11,MVA90,2018,X,35,50,0.8,1.444,0.972315,0.00353568
11,MVA90,2018,X,35,50,1.444,1.566,1,1
11,MVA90,2018,X,35,50,1.566,2,0.968884,0.00368188
11,MVA90,2018,X,35,50,2,2.5,0.972191,0.0057735
11,MVA90,2018,X,50,100,-2.5,-2,0.978094,0.00603242
11,MVA90,2018,X,50,100,-2,-1.566,0.979894,0.00289647
11,MVA90,2018,X,50,100,-1.566,-1.444,1,1
11,MVA90,2018,X,50,100,-1.444,-0.8,0.972885,0.00568335
11,MVA90,2018,X,50,100,-0.8,0,0.975135,0.00429273
11,MVA90,2018,X,50,100,0,0.8,0.978355,0.00429273
11,MVA90,2018,X,50,100,0.8,1.444,0.974863,0.00568335
11,MVA90,2018,X,50,100,1.444,1.566,1,1
11,MVA90,2018,X,50,100,1.566,2,0.980973,0.00289647
11,MVA90,2018,X,50,100,2,2.5,0.955338,0.00603242
11,MVA90,2018,X,100,200,-2.5,-2,0.987778,0.0255006
11,MVA90,2018,X,100,200,-2,-1.566,0.997877,0.0120697
11,MVA90,2018,X,100,200,-1.566,-1.444,1,1
11,MVA90,2018,X,100,200,-1.444,-0.8,0.980583,0.0207189
11,MVA90,2018,X,100,200,-0.8,0,0.976445,0.0114777
11,MVA90,2018,X,100,200,0,0.8,0.98274,0.0116121
11,MVA90,2018,X,100,200,0.8,1.444,0.986928,0.0207525
11,MVA90,2018,X,100,200,1.444,1.566,1,1
11,MVA90,2018,X,100,200,1.566,2,0.977083,0.0114828
11,MVA90,2018,X,100,200,2,2.5,0.965142,0.0251767
11,MVA90,2018,X,200,500,-2.5,-2,0.970588,0.0933371
11,MVA90,2018,X,200,500,-2,-1.566,0.990239,0.0439303
11,MVA90,2018,X,200,500,-1.566,-1.444,1,1
11,MVA90,2018,X,200,500,-1.444,-0.8,0.969432,0.0298259
11,MVA90,2018,X,200,500,-0.8,0,0.991407,0.0359958
11,MVA90,2018,X,200,500,0,0.8,0.94856,0.0354499
11,MVA90,2018,X,200,500,0.8,1.444,0.959913,0.0285261
11,MVA90,2018,X,200,500,1.444,1.566,1,1
11,MVA90,2018,X,200,500,1.566,2,0.941117,0.0394753
11,MVA90,2018,X,200,500,2,2.5,0.976325,0.087475
PDGid,WP,year,period,ptmin,ptmax,etamin,etamax,SF,SFerr
13,mediumID,2016,BCDEF,20,25,-2.4,-2.3,0.996756,0.0148979
13,mediumID,2016,BCDEF,20,25,-2.3,-2.2,0.959421,0.0121467
13,mediumID,2016,BCDEF,20,25,-2.2,-2.1,0.891206,0.0114647
13,mediumID,2016,BCDEF,20,25,-2.1,-2,0.95715,0.00976103
13,mediumID,2016,BCDEF,20,25,-2,-1.7,0.972081,0.0058932
13,mediumID,2016,BCDEF,20,25,-1.7,-1.6,0.991543,0.00887052
13,mediumID,2016,BCDEF,20,25,-1.6,-1.5,1.00074,0.0056917
13,mediumID,2016,BCDEF,20,25,-1.5,-1.4,0.993338,0.0132307
13,mediumID,2016,BCDEF,20,25,-1.4,-1.2,1.00923,0.00935557
13,mediumID,2016,BCDEF,20,25,-1.2,-0.8,1.00578,0.00822354
13,mediumID,2016,BCDEF,20,25,-0.8,-0.5,1.00358,0.00210562
13,mediumID,2016,BCDEF,20,25,-0.5,-0.3,1.00528,0.0144651
13,mediumID,2016,BCDEF,20,25,-0.3,-0.2,0.993477,0.0160727
13,mediumID,2016,BCDEF,20,25,-0.2,0,0.971132,0.0186775
13,mediumID,2016,BCDEF,20,25,0,0.2,1.00028,0.0174314
13,mediumID,2016,BCDEF,20,25,0.2,0.3,0.976287,0.0132917
13,mediumID,2016,BCDEF,20,25,0.3,0.5,1.00764,0.00777724
13,mediumID,2016,BCDEF,20,25,0.5,0.8,1.00389,0.00385266
13,mediumID,2016,BCDEF,20,25,0.8,1.2,1.00506,0.00622305
13,mediumID,2016,BCDEF,20,25,1.2,1.4,1.00569,0.00702872
13,mediumID,2016,BCDEF,20,25,1.4,1.5,1.00351,0.00914422
13,mediumID,2016,BCDEF,20,25,1.5,1.6,1.00381,0.00990501
13,mediumID,2016,BCDEF,20,25,1.6,1.7,0.999993,0.0112534
13,mediumID,2016,BCDEF,20,25,1.7,2,0.982107,0.00934954
13,mediumID,2016,BCDEF,20,25,2,2.1,0.954619,0.0108316
13,mediumID,2016,BCDEF,20,25,2.1,2.2,0.895487,0.0132376
13,mediumID,2016,BCDEF,20,25,2.2,2.3,0.973784,0.0144914
13,mediumID,2016,BCDEF,20,25,2.3,2.4,0.999758,0.0113561
13,mediumID,2016,BCDEF,25,30,-2.4,-2.3,0.988275,0.00777848
13,mediumID,2016,BCDEF,25,30,-2.3,-2.2,0.96418,0.0086176
13,mediumID,2016,BCDEF,25,30,-2.2,-2.1,0.888914,0.00659374
13,mediumID,2016,BCDEF,25,30,-2.1,-2,0.948175,0.00978616
13,mediumID,2016,BCDEF,25,30,-2,-1.7,0.976694,0.00591174
13,mediumID,2016,BCDEF,25,30,-1.7,-1.6,0.993763,0.00667462
13,mediumID,2016,BCDEF,25,30,-1.6,-1.5,0.993696,0.00448829
13,mediumID,2016,BCDEF,25,30,-1.5,-1.4,0.993585,0.00991503
13,mediumID,2016,BCDEF,25,30,-1.4,-1.2,0.99075,0.00377805
13,mediumID,2016,BCDEF,25,30,-1.2,-0.8,0.996985,0.00806713
13,mediumID,2016,BCDEF,25,30,-0.8,-0.5,1.00233,0.00557858
13,mediumID,2016,BCDEF,25,30,-0.5,-0.3,0.994589,0.0107077
13,mediumID,2016,BCDEF,25,30,-0.3,-0.2,0.992638,0.0143713
13,mediumID,2016,BCDEF,25,30,-0.2,0,0.990465,0.0134305
13,mediumID,2016,BCDEF,25,30,0,0.2,0.991644,0.015207
13,mediumID,2016,BCDEF,25,30,0.2,0.3,0.994061,0.0161826
13,mediumID,2016,BCDEF,25,30,0.3,0.5,1.00243,0.0126198
13,mediumID,2016,BCDEF,25,30,0.5,0.8,1.00562,0.00597726
13,mediumID,2016,BCDEF,25,30,0.8,1.2,0.995761,0.00502293
13,mediumID,2016,BCDEF,25,30,1.2,1.4,1.00195,0.00571922
13,mediumID,2016,BCDEF,25,30,1.4,1.5,1.00287,0.00439411
13,mediumID,2016,BCDEF,25,30,1.5,1.6,1.00106,0.00419404
13,mediumID,2016,BCDEF,25,30,1.6,1.7,1.00092,0.00683335
13,mediumID,2016,BCDEF,25,30,1.7,2,0.979772,0.0061678
13,mediumID,2016,BCDEF,25,30,2,2.1,0.953134,0.0109785
13,mediumID,2016,BCDEF,25,30,2.1,2.2,0.890111,0.0099185
13,mediumID,2016,BCDEF,25,30,2.2,2.3,0.959493,0.00782136
13,mediumID,2016,BCDEF,25,30,2.3,2.4,0.97903,0.0066657
13,mediumID,2016,BCDEF,30,40,-2.4,-2.3,0.986242,0.00766569
13,mediumID,2016,BCDEF,30,40,-2.3,-2.2,0.960535,0.00776161
13,mediumID,2016,BCDEF,30,40,-2.2,-2.1,0.89349,0.00420711
13,mediumID,2016,BCDEF,30,40,-2.1,-2,0.946658,0.00234488
13,mediumID,2016,BCDEF,30,40,-2,-1.7,0.978803,0.00107082
13,mediumID,2016,BCDEF,30,40,-1.7,-1.6,0.994172,0.00813545
13,mediumID,2016,BCDEF,30,40,-1.6,-1.5,0.997803,0.00352095
13,mediumID,2016,BCDEF,30,40,-1.5,-1.4,0.994058,0.00408312
13,mediumID,2016,BCDEF,30,40,-1.4,-1.2,0.997309,0.00368609
13,mediumID,2016,BCDEF,30,40,-1.2,-0.8,0.996439,0.00516094
13,mediumID,2016,BCDEF,30,40,-0.8,-0.5,0.995667,0.00696892
13,mediumID,2016,BCDEF,30,40,-0.5,-0.3,0.995002,0.00692032
13,mediumID,2016,BCDEF,30,40,-0.3,-0.2,0.984461,0.00544042
13,mediumID,2016,BCDEF,30,40,-0.2,0,0.993416,0.00475825
13,mediumID,2016,BCDEF,30,40,0,0.2,0.994355,0.00483056
13,mediumID,2016,BCDEF,30,40,0.2,0.3,0.986635,0.00413744
13,mediumID,2016,BCDEF,30,40,0.3,0.5,0.99632,0.00674447
13,mediumID,2016,BCDEF,30,40,0.5,0.8,0.997693,0.00399794
13,mediumID,2016,BCDEF,30,40,0.8,1.2,0.996449,0.00478699
13,mediumID,2016,BCDEF,30,40,1.2,1.4,0.998511,0.00465983
13,mediumID,2016,BCDEF,30,40,1.4,1.5,0.999568,0.00361042
13,mediumID,2016,BCDEF,30,40,1.5,1.6,1.0013,0.00271479
13,mediumID,2016,BCDEF,30,40,1.6,1.7,0.999556,0.00227595
13,mediumID,2016,BCDEF,30,40,1.7,2,0.982132,0.00364686
13,mediumID,2016,BCDEF,30,40,2,2.1,0.959345,0.00302557
13,mediumID,2016,BCDEF,30,40,2.1,2.2,0.883509,0.00428513
13,mediumID,2016,BCDEF,30,40,2.2,2.3,0.963438,0.00337364
13,mediumID,2016,BCDEF,30,40,2.3,2.4,0.990185,0.00495705
13,mediumID,2016,BCDEF,40,50,-2.4,-2.3,0.986616,0.00405193
13,mediumID,2016,BCDEF,40,50,-2.3,-2.2,0.967241,0.00319382
13,mediumID,2016,BCDEF,40,50,-2.2,-2.1,0.897339,0.00413834
13,mediumID,2016,BCDEF,40,50,-2.1,-2,0.952402,0.00360806
13,mediumID,2016,BCDEF,40,50,-2,-1.7,0.980906,0.00140591
13,mediumID,2016,BCDEF,40,50,-1.7,-1.6,0.996598,0.00172231
13,mediumID,2016,BCDEF,40,50,-1.6,-1.5,0.995824,0.00631682
13,mediumID,2016,BCDEF,40,50,-1.5,-1.4,0.994716,0.00224525
13,mediumID,2016,BCDEF,40,50,-1.4,-1.2,0.998459,0.00873505
13,mediumID,2016,BCDEF,40,50,-1.2,-0.8,0.996267,0.00123653
13,mediumID,2016,BCDEF,40,50,-0.8,-0.5,0.995668,0.00111019
13,mediumID,2016,BCDEF,40,50,-0.5,-0.3,0.997767,0.00141821
13,mediumID,2016,BCDEF,40,50,-0.3,-0.2,0.985163,0.00275985
13,mediumID,2016,BCDEF,40,50,-0.2,0,0.993495,0.00228644
13,mediumID,2016,BCDEF,40,50,0,0.2,0.996132,0.00200737
13,mediumID,2016,BCDEF,40,50,0.2,0.3,0.989162,0.00223334
13,mediumID,2016,BCDEF,40,50,0.3,0.5,0.997384,0.00222674
13,mediumID,2016,BCDEF,40,50,0.5,0.8,0.997184,0.00136604
13,mediumID,2016,BCDEF,40,50,0.8,1.2,0.996904,0.00161706
13,mediumID,2016,BCDEF,40,50,1.2,1.4,1.00041,0.00328027
13,mediumID,2016,BCDEF,40,50,1.4,1.5,1.00202,0.004309
13,mediumID,2016,BCDEF,40,50,1.5,1.6,1.00295,0.00498683
13,mediumID,2016,BCDEF,40,50,1.6,1.7,1.00225,0.004305
13,mediumID,2016,BCDEF,40,50,1.7,2,0.985208,0.00276059
13,mediumID,2016,BCDEF,40,50,2,2.1,0.960784,0.00264119
13,mediumID,2016,BCDEF,40,50,2.1,2.2,0.898759,0.00382496
13,mediumID,2016,BCDEF,40,50,2.2,2.3,0.960436,0.00286395
13,mediumID,2016,BCDEF,40,50,2.3,2.4,0.985909,0.00895361
13,mediumID,2016,BCDEF,50,60,-2.4,-2.3,0.980067,0.0109469
13,mediumID,2016,BCDEF,50,60,-2.3,-2.2,0.964975,0.00921879
13,mediumID,2016,BCDEF,50,60,-2.2,-2.1,0.889184,0.00893083
13,mediumID,2016,BCDEF,50,60,-2.1,-2,0.95805,0.00602236
13,mediumID,2016,BCDEF,50,60,-2,-1.7,0.979902,0.00223399
13,mediumID,2016,BCDEF,50,60,-1.7,-1.6,0.994058,0.00349801
13,mediumID,2016,BCDEF,50,60,-1.6,-1.5,0.993821,0.00369322
13,mediumID,2016,BCDEF,50,60,-1.5,-1.4,0.993005,0.00380544
13,mediumID,2016,BCDEF,50,60,-1.4,-1.2,0.993545,0.00283279
13,mediumID,2016,BCDEF,50,60,-1.2,-0.8,0.991003,0.00226986
13,mediumID,2016,BCDEF,50,60,-0.8,-0.5,0.992437,0.00269489
13,mediumID,2016,BCDEF,50,60,-0.5,-0.3,0.996044,0.00376167
13,mediumID,2016,BCDEF,50,60,-0.3,-0.2,0.976989,0.00555488
13,mediumID,2016,BCDEF,50,60,-0.2,0,0.989814,0.00342786
13,mediumID,2016,BCDEF,50,60,0,0.2,0.990385,0.00354237
13,mediumID,2016,BCDEF,50,60,0.2,0.3,0.980959,0.00529249
13,mediumID,2016,BCDEF,50,60,0.3,0.5,0.994771,0.0034754
13,mediumID,2016,BCDEF,50,60,0.5,0.8,0.990684,0.00261801
13,mediumID,2016,BCDEF,50,60,0.8,1.2,0.99571,0.00218981
13,mediumID,2016,BCDEF,50,60,1.2,1.4,0.9891,0.00455592
13,mediumID,2016,BCDEF,50,60,1.4,1.5,0.985406,0.00691565
13,mediumID,2016,BCDEF,50,60,1.5,1.6,0.99644,0.00643462
13,mediumID,2016,BCDEF,50,60,1.6,1.7,0.998166,0.00542446
13,mediumID,2016,BCDEF,50,60,1.7,2,0.98494,0.00238357
13,mediumID,2016,BCDEF,50,60,2,2.1,0.960516,0.00582541
13,mediumID,2016,BCDEF,50,60,2.1,2.2,0.897761,0.00880716
13,mediumID,2016,BCDEF,50,60,2.2,2.3,0.963863,0.0078842
13,mediumID,2016,BCDEF,50,60,2.3,2.4,0.991518,0.0116234
13,mediumID,2016,BCDEF,60,120,-2.4,-2.3,0.992673,0.0158958
13,mediumID,2016,BCDEF,60,120,-2.3,-2.2,0.971158,0.0176791
13,mediumID,2016,BCDEF,60,120,-2.2,-2.1,0.918951,0.0173792
13,mediumID,2016,BCDEF,60,120,-2.1,-2,0.974706,0.0131976
13,mediumID,2016,BCDEF,60,120,-2,-1.7,0.987138,0.00474949
13,mediumID,2016,BCDEF,60,120,-1.7,-1.6,0.993223,0.00747671
13,mediumID,2016,BCDEF,60,120,-1.6,-1.5,1.00223,0.00682707
13,mediumID,2016,BCDEF,60,120,-1.5,-1.4,0.995377,0.00884092
13,mediumID,2016,BCDEF,60,120,-1.4,-1.2,0.998408,0.00654423
13,mediumID,2016,BCDEF,60,120,-1.2,-0.8,0.998246,0.00738399
13,mediumID,2016,BCDEF,60,120,-0.8,-0.5,1.00512,0.0116212
13,mediumID,2016,BCDEF,60,120,-0.5,-0.3,1.0057,0.0114685
13,mediumID,2016,BCDEF,60,120,-0.3,-0.2,0.99017,0.0190928
13,mediumID,2016,BCDEF,60,120,-0.2,0,0.992787,0.0137879
13,mediumID,2016,BCDEF,60,120,0,0.2,0.993095,0.0130191
13,mediumID,2016,BCDEF,60,120,0.2,0.3,0.998169,0.0183831
13,mediumID,2016,BCDEF,60,120,0.3,0.5,1.0052,0.0116146
13,mediumID,2016,BCDEF,60,120,0.5,0.8,0.998578,0.0152252
13,mediumID,2016,BCDEF,60,120,0.8,1.2,0.9934,0.00774269
13,mediumID,2016,BCDEF,60,120,1.2,1.4,0.991027,0.0121345
13,mediumID,2016,BCDEF,60,120,1.4,1.5,1,0.00491606
13,mediumID,2016,BCDEF,60,120,1.5,1.6,1.00577,0.0107119
13,mediumID,2016,BCDEF,60,120,1.6,1.7,0.991003,0.0140888
13,mediumID,2016,BCDEF,60,120,1.7,2,0.98342,0.00621563
13,mediumID,2016,BCDEF,60,120,2,2.1,0.9705,0.0118183
13,mediumID,2016,BCDEF,60,120,2.1,2.2,0.907851,0.0152616
13,mediumID,2016,BCDEF,60,120,2.2,2.3,0.965632,0.0197334
13,mediumID,2016,BCDEF,60,120,2.3,2.4,0.991361,0.0159594
PDGid,WP,year,period,ptmin,ptmax,etamin,etamax,SF,SFerr
13,mediumID,2016,GH,20,25,-2.4,-2.3,0.997282,0.0141255
13,mediumID,2016,GH,20,25,-2.3,-2.2,0.991008,0.0101649
13,mediumID,2016,GH,20,25,-2.2,-2.1,0.939375,0.0118497
13,mediumID,2016,GH,20,25,-2.1,-2,0.986974,0.009555
13,mediumID,2016,GH,20,25,-2,-1.7,0.983166,0.00679337
13,mediumID,2016,GH,20,25,-1.7,-1.6,1.00431,0.00305593
13,mediumID,2016,GH,20,25,-1.6,-1.5,0.997992,0.00768673
13,mediumID,2016,GH,20,25,-1.5,-1.4,1.00245,0.00365174
13,mediumID,2016,GH,20,25,-1.4,-1.2,1.00716,0.00789441
13,mediumID,2016,GH,20,25,-1.2,-0.8,0.994679,0.010705
13,mediumID,2016,GH,20,25,-0.8,-0.5,0.996229,0.00713348
13,mediumID,2016,GH,20,25,-0.5,-0.3,1.00528,0.00368124
13,mediumID,2016,GH,20,25,-0.3,-0.2,0.991293,0.0125527
13,mediumID,2016,GH,20,25,-0.2,0,0.98324,0.0122988
13,mediumID,2016,GH,20,25,0,0.2,1.00344,0.0149566
13,mediumID,2016,GH,20,25,0.2,0.3,0.992968,0.0122384
13,mediumID,2016,GH,20,25,0.3,0.5,1.00764,0.0130774
13,mediumID,2016,GH,20,25,0.5,0.8,1.0039,0.00400453
13,mediumID,2016,GH,20,25,0.8,1.2,0.999824,0.00856851
13,mediumID,2016,GH,20,25,1.2,1.4,1.00564,0.008001
13,mediumID,2016,GH,20,25,1.4,1.5,1.00472,0.00930585
13,mediumID,2016,GH,20,25,1.5,1.6,1.00381,0.00488424
13,mediumID,2016,GH,20,25,1.6,1.7,1.00171,0.00814382
13,mediumID,2016,GH,20,25,1.7,2,0.99015,0.0114757
13,mediumID,2016,GH,20,25,2,2.1,0.98676,0.0103886
13,mediumID,2016,GH,20,25,2.1,2.2,0.950081,0.0111818
13,mediumID,2016,GH,20,25,2.2,2.3,0.997364,0.00969603
13,mediumID,2016,GH,20,25,2.3,2.4,1.0058,0.00852384
13,mediumID,2016,GH,25,30,-2.4,-2.3,0.994533,0.0118222
13,mediumID,2016,GH,25,30,-2.3,-2.2,1.00344,0.00598914
13,mediumID,2016,GH,25,30,-2.2,-2.1,0.934618,0.0105974
13,mediumID,2016,GH,25,30,-2.1,-2,0.989148,0.00363272
13,mediumID,2016,GH,25,30,-2,-1.7,0.985616,0.00494806
13,mediumID,2016,GH,25,30,-1.7,-1.6,0.989919,0.0057381
13,mediumID,2016,GH,25,30,-1.6,-1.5,1.00221,0.00346632
13,mediumID,2016,GH,25,30,-1.5,-1.4,0.99678,0.00597564
13,mediumID,2016,GH,25,30,-1.4,-1.2,0.998841,0.00504689
13,mediumID,2016,GH,25,30,-1.2,-0.8,0.999187,0.00602936
13,mediumID,2016,GH,25,30,-0.8,-0.5,1.00121,0.00766784
13,mediumID,2016,GH,25,30,-0.5,-0.3,0.995075,0.0116488
13,mediumID,2016,GH,25,30,-0.3,-0.2,0.986808,0.0109868
13,mediumID,2016,GH,25,30,-0.2,0,0.99567,0.0107007
13,mediumID,2016,GH,25,30,0,0.2,1.00202,0.0119427
13,mediumID,2016,GH,25,30,0.2,0.3,0.997192,0.013952
13,mediumID,2016,GH,25,30,0.3,0.5,1.00345,0.0109584
13,mediumID,2016,GH,25,30,0.5,0.8,1.00267,0.00515699
13,mediumID,2016,GH,25,30,0.8,1.2,0.996452,0.00489669
13,mediumID,2016,GH,25,30,1.2,1.4,1.00448,0.00669698
13,mediumID,2016,GH,25,30,1.4,1.5,1.00287,0.00902375
13,mediumID,2016,GH,25,30,1.5,1.6,0.992435,0.014516
13,mediumID,2016,GH,25,30,1.6,1.7,1.00007,0.00534049
13,mediumID,2016,GH,25,30,1.7,2,0.992422,0.00281083
13,mediumID,2016,GH,25,30,2,2.1,0.993308,0.0111735
13,mediumID,2016,GH,25,30,2.1,2.2,0.946055,0.00662692
13,mediumID,2016,GH,25,30,2.2,2.3,0.999986,0.00647927
13,mediumID,2016,GH,25,30,2.3,2.4,0.988367,0.00653256
13,mediumID,2016,GH,30,40,-2.4,-2.3,0.992576,0.00357627
13,mediumID,2016,GH,30,40,-2.3,-2.2,0.996649,0.00331842
13,mediumID,2016,GH,30,40,-2.2,-2.1,0.935334,0.00434969
13,mediumID,2016,GH,30,40,-2.1,-2,0.99134,0.00140476
13,mediumID,2016,GH,30,40,-2,-1.7,0.986971,0.000975232
13,mediumID,2016,GH,30,40,-1.7,-1.6,0.996455,0.00222276
13,mediumID,2016,GH,30,40,-1.6,-1.5,0.997466,0.00407571
13,mediumID,2016,GH,30,40,-1.5,-1.4,1.00081,0.00402872
13,mediumID,2016,GH,30,40,-1.4,-1.2,1.00002,0.00314941
13,mediumID,2016,GH,30,40,-1.2,-0.8,0.996036,0.00458288
13,mediumID,2016,GH,30,40,-0.8,-0.5,0.997287,0.00520103
13,mediumID,2016,GH,30,40,-0.5,-0.3,0.997156,0.00405952
13,mediumID,2016,GH,30,40,-0.3,-0.2,0.99104,0.00746633
13,mediumID,2016,GH,30,40,-0.2,0,0.999476,0.00450911
13,mediumID,2016,GH,30,40,0,0.2,0.996959,0.00817089
13,mediumID,2016,GH,30,40,0.2,0.3,0.99378,0.00365969
13,mediumID,2016,GH,30,40,0.3,0.5,0.996766,0.00795653
13,mediumID,2016,GH,30,40,0.5,0.8,0.997736,0.00393876
13,mediumID,2016,GH,30,40,0.8,1.2,0.996835,0.00468507
13,mediumID,2016,GH,30,40,1.2,1.4,1.00538,0.00525845
13,mediumID,2016,GH,30,40,1.4,1.5,1.00391,0.00136243
13,mediumID,2016,GH,30,40,1.5,1.6,1.00191,0.000746528
13,mediumID,2016,GH,30,40,1.6,1.7,1.00248,0.00153832
13,mediumID,2016,GH,30,40,1.7,2,0.992654,0.00293371
13,mediumID,2016,GH,30,40,2,2.1,0.995049,0.00821881
13,mediumID,2016,GH,30,40,2.1,2.2,0.93971,0.00485127
13,mediumID,2016,GH,30,40,2.2,2.3,0.996125,0.00821858
13,mediumID,2016,GH,30,40,2.3,2.4,0.990609,0.00476515
13,mediumID,2016,GH,40,50,-2.4,-2.3,0.9889,0.00362775
13,mediumID,2016,GH,40,50,-2.3,-2.2,0.993325,0.00272437
13,mediumID,2016,GH,40,50,-2.2,-2.1,0.938882,0.0037192
13,mediumID,2016,GH,40,50,-2.1,-2,0.994548,0.0017243
13,mediumID,2016,GH,40,50,-2,-1.7,0.988103,0.0011533
13,mediumID,2016,GH,40,50,-1.7,-1.6,0.997641,0.00197363
13,mediumID,2016,GH,40,50,-1.6,-1.5,0.998415,0.00213757
13,mediumID,2016,GH,40,50,-1.5,-1.4,0.999998,0.00213532
13,mediumID,2016,GH,40,50,-1.4,-1.2,1.00022,0.00196771
13,mediumID,2016,GH,40,50,-1.2,-0.8,0.998863,0.00125092
13,mediumID,2016,GH,40,50,-0.8,-0.5,0.998742,0.00131446
13,mediumID,2016,GH,40,50,-0.5,-0.3,0.999812,0.00150801
13,mediumID,2016,GH,40,50,-0.3,-0.2,0.99191,0.001978
13,mediumID,2016,GH,40,50,-0.2,0,1.00126,0.00227203
13,mediumID,2016,GH,40,50,0,0.2,0.999802,0.0019893
13,mediumID,2016,GH,40,50,0.2,0.3,0.993189,0.00354538
13,mediumID,2016,GH,40,50,0.3,0.5,1.00039,0.0082547
13,mediumID,2016,GH,40,50,0.5,0.8,1.00048,0.0013846
13,mediumID,2016,GH,40,50,0.8,1.2,0.998207,0.00170317
13,mediumID,2016,GH,40,50,1.2,1.4,1.00459,0.00346002
13,mediumID,2016,GH,40,50,1.4,1.5,1.00525,0.00374983
13,mediumID,2016,GH,40,50,1.5,1.6,1.00762,0.00462802
13,mediumID,2016,GH,40,50,1.6,1.7,1.00613,0.00325496
13,mediumID,2016,GH,40,50,1.7,2,0.994286,0.00175489
13,mediumID,2016,GH,40,50,2,2.1,0.996484,0.00203863
13,mediumID,2016,GH,40,50,2.1,2.2,0.946291,0.00359827
13,mediumID,2016,GH,40,50,2.2,2.3,0.996795,0.00363718
13,mediumID,2016,GH,40,50,2.3,2.4,0.992904,0.0034209
13,mediumID,2016,GH,50,60,-2.4,-2.3,0.992204,0.0108301
13,mediumID,2016,GH,50,60,-2.3,-2.2,0.987109,0.00730362
13,mediumID,2016,GH,50,60,-2.2,-2.1,0.924241,0.00880489
13,mediumID,2016,GH,50,60,-2.1,-2,0.994592,0.00502994
13,mediumID,2016,GH,50,60,-2,-1.7,0.988141,0.00208992
13,mediumID,2016,GH,50,60,-1.7,-1.6,0.994839,0.00354294
13,mediumID,2016,GH,50,60,-1.6,-1.5,0.995061,0.00420818
13,mediumID,2016,GH,50,60,-1.5,-1.4,0.9977,0.00453052
13,mediumID,2016,GH,50,60,-1.4,-1.2,0.996652,0.00326183
13,mediumID,2016,GH,50,60,-1.2,-0.8,0.993343,0.0019852
13,mediumID,2016,GH,50,60,-0.8,-0.5,0.994731,0.00219465
13,mediumID,2016,GH,50,60,-0.5,-0.3,0.994849,0.00291671
13,mediumID,2016,GH,50,60,-0.3,-0.2,0.986857,0.00429453
13,mediumID,2016,GH,50,60,-0.2,0,0.997385,0.0029264
13,mediumID,2016,GH,50,60,0,0.2,0.998512,0.00283145
13,mediumID,2016,GH,50,60,0.2,0.3,0.989258,0.00486214
13,mediumID,2016,GH,50,60,0.3,0.5,0.997952,0.00284588
13,mediumID,2016,GH,50,60,0.5,0.8,0.993775,0.00207913
13,mediumID,2016,GH,50,60,0.8,1.2,0.989196,0.00252736
13,mediumID,2016,GH,50,60,1.2,1.4,0.990743,0.00490418
13,mediumID,2016,GH,50,60,1.4,1.5,0.986736,0.00780889
13,mediumID,2016,GH,50,60,1.5,1.6,0.992251,0.00770317
13,mediumID,2016,GH,50,60,1.6,1.7,0.986214,0.0063841
13,mediumID,2016,GH,50,60,1.7,2,0.988566,0.00255816
13,mediumID,2016,GH,50,60,2,2.1,0.988638,0.00442933
13,mediumID,2016,GH,50,60,2.1,2.2,0.948653,0.00792157
13,mediumID,2016,GH,50,60,2.2,2.3,1.00202,0.00538405
13,mediumID,2016,GH,50,60,2.3,2.4,0.992756,0.0072646
13,mediumID,2016,GH,60,120,-2.4,-2.3,0.994689,0.0167509
13,mediumID,2016,GH,60,120,-2.3,-2.2,1,0.004433
13,mediumID,2016,GH,60,120,-2.2,-2.1,0.932635,0.00963377
13,mediumID,2016,GH,60,120,-2.1,-2,0.992587,0.0118564
13,mediumID,2016,GH,60,120,-2,-1.7,0.988478,0.00785405
13,mediumID,2016,GH,60,120,-1.7,-1.6,0.988658,0.0087021
13,mediumID,2016,GH,60,120,-1.6,-1.5,1.00223,0.0053377
13,mediumID,2016,GH,60,120,-1.5,-1.4,0.988776,0.0120787
13,mediumID,2016,GH,60,120,-1.4,-1.2,0.9955,0.00898823
13,mediumID,2016,GH,60,120,-1.2,-0.8,1.00187,0.0048193
13,mediumID,2016,GH,60,120,-0.8,-0.5,0.997669,0.0069539
13,mediumID,2016,GH,60,120,-0.5,-0.3,1.0057,0.00484377
13,mediumID,2016,GH,60,120,-0.3,-0.2,0.994011,0.0117569
13,mediumID,2016,GH,60,120,-0.2,0,0.998953,0.0105947
13,mediumID,2016,GH,60,120,0,0.2,1.00173,0.00965616
13,mediumID,2016,GH,60,120,0.2,0.3,1.00342,0.0126769
13,mediumID,2016,GH,60,120,0.3,0.5,1.00319,0.00903571
13,mediumID,2016,GH,60,120,0.5,0.8,0.995523,0.0099461
13,mediumID,2016,GH,60,120,0.8,1.2,0.996697,0.00754464
13,mediumID,2016,GH,60,120,1.2,1.4,1.00571,0.0142306
13,mediumID,2016,GH,60,120,1.4,1.5,1,0.0108834
13,mediumID,2016,GH,60,120,1.5,1.6,0.998846,0.0123208
13,mediumID,2016,GH,60,120,1.6,1.7,0.986256,0.0150079
13,mediumID,2016,GH,60,120,1.7,2,0.989946,0.00609162
13,mediumID,2016,GH,60,120,2,2.1,0.999716,0.00922408
13,mediumID,2016,GH,60,120,2.1,2.2,0.950825,0.0147363
13,mediumID,2016,GH,60,120,2.2,2.3,1.0027,0.00837075
13,mediumID,2016,GH,60,120,2.3,2.4,1.00055,0.0101227
PDGid,WP,year,period,ptmin,ptmax,etamin,etamax,SF,SFerr
13,looseIso,2016,BCDEF,20,25,-2.4,-2.3,0.980311,0.00830387
13,looseIso,2016,BCDEF,20,25,-2.3,-2.2,0.995446,0.00656414
13,looseIso,2016,BCDEF,20,25,-2.2,-2.1,0.98837,0.00627092
13,looseIso,2016,BCDEF,20,25,-2.1,-2,0.993768,0.00680975
13,looseIso,2016,BCDEF,20,25,-2,-1.7,0.996219,0.00365538
13,looseIso,2016,BCDEF,20,25,-1.7,-1.6,0.991783,0.00631469
13,looseIso,2016,BCDEF,20,25,-1.6,-1.5,0.994556,0.00704826
13,looseIso,2016,BCDEF,20,25,-1.5,-1.4,0.996837,0.00754137
13,looseIso,2016,BCDEF,20,25,-1.4,-1.2,0.993411,0.00531271
13,looseIso,2016,BCDEF,20,25,-1.2,-0.8,0.996794,0.00437531
13,looseIso,2016,BCDEF,20,25,-0.8,-0.5,0.994146,0.00552226
13,looseIso,2016,BCDEF,20,25,-0.5,-0.3,0.986545,0.00728137
13,looseIso,2016,BCDEF,20,25,-0.3,-0.2,0.99721,0.0104178
13,looseIso,2016,BCDEF,20,25,-0.2,0,0.989149,0.00710695
13,looseIso,2016,BCDEF,20,25,0,0.2,0.992725,0.00708425
13,looseIso,2016,BCDEF,20,25,0.2,0.3,0.996905,0.010661
13,looseIso,2016,BCDEF,20,25,0.3,0.5,1.0001,0.00722461
13,looseIso,2016,BCDEF,20,25,0.5,0.8,0.994942,0.00582464
13,looseIso,2016,BCDEF,20,25,0.8,1.2,0.998043,0.00439699
13,looseIso,2016,BCDEF,20,25,1.2,1.4,0.993462,0.00542678
13,looseIso,2016,BCDEF,20,25,1.4,1.5,1.00029,0.00757316
13,looseIso,2016,BCDEF,20,25,1.5,1.6,0.99937,0.00702738
13,looseIso,2016,BCDEF,20,25,1.6,1.7,0.996652,0.00664578
13,looseIso,2016,BCDEF,20,25,1.7,2,0.995129,0.00367322
13,looseIso,2016,BCDEF,20,25,2,2.1,0.998036,0.0062533
13,looseIso,2016,BCDEF,20,25,2.1,2.2,0.989276,0.00663339
13,looseIso,2016,BCDEF,20,25,2.2,2.3,0.993891,0.00663001
13,looseIso,2016,BCDEF,20,25,2.3,2.4,0.992175,0.00724309
13,looseIso,2016,BCDEF,25,30,-2.4,-2.3,0.996846,0.00408857
13,looseIso,2016,BCDEF,25,30,-2.3,-2.2,1.00143,0.00386715
13,looseIso,2016,BCDEF,25,30,-2.2,-2.1,0.992468,0.00387901
13,looseIso,2016,BCDEF,25,30,-2.1,-2,1.0007,0.00379735
13,looseIso,2016,BCDEF,25,30,-2,-1.7,0.996655,0.00211664
13,looseIso,2016,BCDEF,25,30,-1.7,-1.6,0.997382,0.00400973
13,looseIso,2016,BCDEF,25,30,-1.6,-1.5,0.996151,0.00382843
13,looseIso,2016,BCDEF,25,30,-1.5,-1.4,0.998285,0.00409595
13,looseIso,2016,BCDEF,25,30,-1.4,-1.2,0.999111,0.00324364
13,looseIso,2016,BCDEF,25,30,-1.2,-0.8,0.997949,0.0025499
13,looseIso,2016,BCDEF,25,30,-0.8,-0.5,1.00063,0.00304816
13,looseIso,2016,BCDEF,25,30,-0.5,-0.3,0.996681,0.00357817
13,looseIso,2016,BCDEF,25,30,-0.3,-0.2,0.99803,0.00472648
13,looseIso,2016,BCDEF,25,30,-0.2,0,0.995999,0.00350467
13,looseIso,2016,BCDEF,25,30,0,0.2,1.00139,0.00331333
13,looseIso,2016,BCDEF,25,30,0.2,0.3,0.995385,0.0048594
13,looseIso,2016,BCDEF,25,30,0.3,0.5,0.997811,0.00356535
13,looseIso,2016,BCDEF,25,30,0.5,0.8,1.00219,0.00311202
13,looseIso,2016,BCDEF,25,30,0.8,1.2,1.0026,0.00271075
13,looseIso,2016,BCDEF,25,30,1.2,1.4,0.999281,0.00315323
13,looseIso,2016,BCDEF,25,30,1.4,1.5,0.997218,0.00419604
13,looseIso,2016,BCDEF,25,30,1.5,1.6,1.00155,0.00394806
13,looseIso,2016,BCDEF,25,30,1.6,1.7,0.997779,0.00389258
13,looseIso,2016,BCDEF,25,30,1.7,2,0.998478,0.00254631
13,looseIso,2016,BCDEF,25,30,2,2.1,1.00058,0.00380274
13,looseIso,2016,BCDEF,25,30,2.1,2.2,0.997557,0.00449368
13,looseIso,2016,BCDEF,25,30,2.2,2.3,1.00505,0.00401621
13,looseIso,2016,BCDEF,25,30,2.3,2.4,0.991896,0.00451503
13,looseIso,2016,BCDEF,30,40,-2.4,-2.3,1.0002,0.00175116
13,looseIso,2016,BCDEF,30,40,-2.3,-2.2,0.999247,0.00133944
13,looseIso,2016,BCDEF,30,40,-2.2,-2.1,0.998406,0.00134759
13,looseIso,2016,BCDEF,30,40,-2.1,-2,0.999192,0.00128464
13,looseIso,2016,BCDEF,30,40,-2,-1.7,1.00084,0.00104342
13,looseIso,2016,BCDEF,30,40,-1.7,-1.6,1.00229,0.00154941
13,looseIso,2016,BCDEF,30,40,-1.6,-1.5,1.0027,0.00147347
13,looseIso,2016,BCDEF,30,40,-1.5,-1.4,1.00067,0.00154218
13,looseIso,2016,BCDEF,30,40,-1.4,-1.2,0.997892,0.000954141
13,looseIso,2016,BCDEF,30,40,-1.2,-0.8,0.998892,0.000751273
13,looseIso,2016,BCDEF,30,40,-0.8,-0.5,0.999909,0.000843709
13,looseIso,2016,BCDEF,30,40,-0.5,-0.3,0.998635,0.00105589
13,looseIso,2016,BCDEF,30,40,-0.3,-0.2,0.999024,0.00144561
13,looseIso,2016,BCDEF,30,40,-0.2,0,0.998834,0.00100932
13,looseIso,2016,BCDEF,30,40,0,0.2,0.999452,0.00102812
13,looseIso,2016,BCDEF,30,40,0.2,0.3,0.999161,0.00145545
13,looseIso,2016,BCDEF,30,40,0.3,0.5,1.00043,0.00101465
13,looseIso,2016,BCDEF,30,40,0.5,0.8,1.00048,0.000797792
13,looseIso,2016,BCDEF,30,40,0.8,1.2,1.00012,0.000770843
13,looseIso,2016,BCDEF,30,40,1.2,1.4,0.998582,0.00116577
13,looseIso,2016,BCDEF,30,40,1.4,1.5,0.999641,0.00137628
13,looseIso,2016,BCDEF,30,40,1.5,1.6,0.999702,0.00139283
13,looseIso,2016,BCDEF,30,40,1.6,1.7,0.999541,0.00137682
13,looseIso,2016,BCDEF,30,40,1.7,2,1.00002,0.000802839
13,looseIso,2016,BCDEF,30,40,2,2.1,0.998877,0.0013954
13,looseIso,2016,BCDEF,30,40,2.1,2.2,0.998946,0.00134294
13,looseIso,2016,BCDEF,30,40,2.2,2.3,0.997425,0.00136152
13,looseIso,2016,BCDEF,30,40,2.3,2.4,1,0.00165064
13,looseIso,2016,BCDEF,40,50,-2.4,-2.3,0.999731,0.000585778
13,looseIso,2016,BCDEF,40,50,-2.3,-2.2,1.00034,0.000824704
13,looseIso,2016,BCDEF,40,50,-2.2,-2.1,0.999302,0.000483296
13,looseIso,2016,BCDEF,40,50,-2.1,-2,0.999939,0.000645199
13,looseIso,2016,BCDEF,40,50,-2,-1.7,0.999129,0.000274828
13,looseIso,2016,BCDEF,40,50,-1.7,-1.6,1.00014,0.000591961
13,looseIso,2016,BCDEF,40,50,-1.6,-1.5,0.999995,0.00332982
13,looseIso,2016,BCDEF,40,50,-1.5,-1.4,0.999827,0.000392557
13,looseIso,2016,BCDEF,40,50,-1.4,-1.2,0.999036,0.000414248
13,looseIso,2016,BCDEF,40,50,-1.2,-0.8,0.99903,0.000304799
13,looseIso,2016,BCDEF,40,50,-0.8,-0.5,0.999223,0.000295073
13,looseIso,2016,BCDEF,40,50,-0.5,-0.3,0.999074,0.00667123
13,looseIso,2016,BCDEF,40,50,-0.3,-0.2,0.998974,0.000390171
13,looseIso,2016,BCDEF,40,50,-0.2,0,0.998953,0.000455226
13,looseIso,2016,BCDEF,40,50,0,0.2,0.998833,0.000261428
13,looseIso,2016,BCDEF,40,50,0.2,0.3,0.9997,0.000554207
13,looseIso,2016,BCDEF,40,50,0.3,0.5,0.999621,0.00617793
13,looseIso,2016,BCDEF,40,50,0.5,0.8,0.999365,0.000296018
13,looseIso,2016,BCDEF,40,50,0.8,1.2,0.999587,0.000257311
13,looseIso,2016,BCDEF,40,50,1.2,1.4,0.998892,0.000247792
13,looseIso,2016,BCDEF,40,50,1.4,1.5,0.999403,0.000325563
13,looseIso,2016,BCDEF,40,50,1.5,1.6,0.99948,0.000595787
13,looseIso,2016,BCDEF,40,50,1.6,1.7,0.999768,0.000606757
13,looseIso,2016,BCDEF,40,50,1.7,2,0.999521,0.000333808
13,looseIso,2016,BCDEF,40,50,2,2.1,0.998835,0.000615583
13,looseIso,2016,BCDEF,40,50,2.1,2.2,0.999496,0.000428362
13,looseIso,2016,BCDEF,40,50,2.2,2.3,0.999693,0.000809946
13,looseIso,2016,BCDEF,40,50,2.3,2.4,1.00039,0.000557535
13,looseIso,2016,BCDEF,50,60,-2.4,-2.3,0.998774,0.00222788
13,looseIso,2016,BCDEF,50,60,-2.3,-2.2,0.999281,0.00181445
13,looseIso,2016,BCDEF,50,60,-2.2,-2.1,1.0003,0.0013769
13,looseIso,2016,BCDEF,50,60,-2.1,-2,0.998495,0.0013013
13,looseIso,2016,BCDEF,50,60,-2,-1.7,0.998793,0.000793542
13,looseIso,2016,BCDEF,50,60,-1.7,-1.6,0.999912,0.00123877
13,looseIso,2016,BCDEF,50,60,-1.6,-1.5,1.00009,0.00107652
13,looseIso,2016,BCDEF,50,60,-1.5,-1.4,1.00049,0.00101582
13,looseIso,2016,BCDEF,50,60,-1.4,-1.2,0.999368,0.00291554
13,looseIso,2016,BCDEF,50,60,-1.2,-0.8,0.999748,0.000641123
13,looseIso,2016,BCDEF,50,60,-0.8,-0.5,0.999855,0.00075721
13,looseIso,2016,BCDEF,50,60,-0.5,-0.3,0.999462,0.000792551
13,looseIso,2016,BCDEF,50,60,-0.3,-0.2,0.999565,0.000979349
13,looseIso,2016,BCDEF,50,60,-0.2,0,1.00048,0.000884721
13,looseIso,2016,BCDEF,50,60,0,0.2,0.999908,0.000925779
13,looseIso,2016,BCDEF,50,60,0.2,0.3,1.00071,0.00114233
13,looseIso,2016,BCDEF,50,60,0.3,0.5,0.999665,0.000856568
13,looseIso,2016,BCDEF,50,60,0.5,0.8,0.998954,0.000572942
13,looseIso,2016,BCDEF,50,60,0.8,1.2,0.999925,0.000542259
13,looseIso,2016,BCDEF,50,60,1.2,1.4,0.999549,0.000768913
13,looseIso,2016,BCDEF,50,60,1.4,1.5,1.00014,0.000990041
13,looseIso,2016,BCDEF,50,60,1.5,1.6,1.00011,0.00107461
13,looseIso,2016,BCDEF,50,60,1.6,1.7,0.999939,0.000964251
13,looseIso,2016,BCDEF,50,60,1.7,2,0.998997,0.000748151
13,looseIso,2016,BCDEF,50,60,2,2.1,0.999616,0.001351
13,looseIso,2016,BCDEF,50,60,2.1,2.2,0.999084,0.0015419
13,looseIso,2016,BCDEF,50,60,2.2,2.3,0.999483,0.00140053
13,looseIso,2016,BCDEF,50,60,2.3,2.4,1.00085,0.0019466
13,looseIso,2016,BCDEF,60,120,-2.4,-2.3,0.997679,0.00245945
13,looseIso,2016,BCDEF,60,120,-2.3,-2.2,0.997059,0.0019167
13,looseIso,2016,BCDEF,60,120,-2.2,-2.1,1.00217,0.00222587
13,looseIso,2016,BCDEF,60,120,-2.1,-2,0.998995,0.00143396
13,looseIso,2016,BCDEF,60,120,-2,-1.7,0.999193,0.00115568
13,looseIso,2016,BCDEF,60,120,-1.7,-1.6,1.00024,0.00194162
13,looseIso,2016,BCDEF,60,120,-1.6,-1.5,0.999632,0.00165132
13,looseIso,2016,BCDEF,60,120,-1.5,-1.4,1.00037,0.00115865
13,looseIso,2016,BCDEF,60,120,-1.4,-1.2,0.997953,0.00154484
13,looseIso,2016,BCDEF,60,120,-1.2,-0.8,1.0001,0.000872054
13,looseIso,2016,BCDEF,60,120,-0.8,-0.5,0.99866,0.00103099
13,looseIso,2016,BCDEF,60,120,-0.5,-0.3,1.00056,0.00122025
13,looseIso,2016,BCDEF,60,120,-0.3,-0.2,0.999818,0.0017002
13,looseIso,2016,BCDEF,60,120,-0.2,0,1.00078,0.00116772
13,looseIso,2016,BCDEF,60,120,0,0.2,0.999171,0.00111241
13,looseIso,2016,BCDEF,60,120,0.2,0.3,0.999583,0.00195917
13,looseIso,2016,BCDEF,60,120,0.3,0.5,1.00086,0.00112233
13,looseIso,2016,BCDEF,60,120,0.5,0.8,0.99983,0.000851834
13,looseIso,2016,BCDEF,60,120,0.8,1.2,0.999962,0.00113119
13,looseIso,2016,BCDEF,60,120,1.2,1.4,1.00089,0.00129918
13,looseIso,2016,BCDEF,60,120,1.4,1.5,1.00003,0.00146816
13,looseIso,2016,BCDEF,60,120,1.5,1.6,0.999012,0.0012777
13,looseIso,2016,BCDEF,60,120,1.6,1.7,0.998973,0.00137041
13,looseIso,2016,BCDEF,60,120,1.7,2,0.999178,0.00100258
13,looseIso,2016,BCDEF,60,120,2,2.1,0.998194,0.00169596
13,looseIso,2016,BCDEF,60,120,2.1,2.2,1.0014,0.0024759
13,looseIso,2016,BCDEF,60,120,2.2,2.3,1.0008,0.00265183
13,looseIso,2016,BCDEF,60,120,2.3,2.4,1.00228,0.00328192
PDGid,WP,year,period,ptmin,ptmax,etamin,etamax,SF,SFerr
13,looseIso,2016,GH,20,25,-2.4,-2.3,0.993852,0.00689944
13,looseIso,2016,GH,20,25,-2.3,-2.2,1.00142,0.00643164
13,looseIso,2016,GH,20,25,-2.2,-2.1,1.00217,0.00733584
13,looseIso,2016,GH,20,25,-2.1,-2,1.00405,0.00582073
13,looseIso,2016,GH,20,25,-2,-1.7,1.00208,0.00360691
13,looseIso,2016,GH,20,25,-1.7,-1.6,0.991158,0.00652618
13,looseIso,2016,GH,20,25,-1.6,-1.5,0.996681,0.00648256
13,looseIso,2016,GH,20,25,-1.5,-1.4,1.00343,0.00763184
13,looseIso,2016,GH,20,25,-1.4,-1.2,0.989232,0.00591932
13,looseIso,2016,GH,20,25,-1.2,-0.8,0.997182,0.00448751
13,looseIso,2016,GH,20,25,-0.8,-0.5,0.998922,0.00578293
13,looseIso,2016,GH,20,25,-0.5,-0.3,0.981897,0.00722745
13,looseIso,2016,GH,20,25,-0.3,-0.2,0.983381,0.0106372
13,looseIso,2016,GH,20,25,-0.2,0,0.985161,0.00708691
13,looseIso,2016,GH,20,25,0,0.2,0.991731,0.00750364
13,looseIso,2016,GH,20,25,0.2,0.3,0.987273,0.0113835
13,looseIso,2016,GH,20,25,0.3,0.5,0.996522,0.00766168
13,looseIso,2016,GH,20,25,0.5,0.8,0.987686,0.00591187
13,looseIso,2016,GH,20,25,0.8,1.2,0.996368,0.00461435
13,looseIso,2016,GH,20,25,1.2,1.4,0.990548,0.00621023
13,looseIso,2016,GH,20,25,1.4,1.5,0.999661,0.00769427
13,looseIso,2016,GH,20,25,1.5,1.6,1.00519,0.00739943
13,looseIso,2016,GH,20,25,1.6,1.7,0.994894,0.00670509
13,looseIso,2016,GH,20,25,1.7,2,0.998865,0.00358118
13,looseIso,2016,GH,20,25,2,2.1,1.00063,0.00714771
13,looseIso,2016,GH,20,25,2.1,2.2,0.995022,0.0065162
13,looseIso,2016,GH,20,25,2.2,2.3,0.997511,0.00676502
13,looseIso,2016,GH,20,25,2.3,2.4,1.00047,0.00777472
13,looseIso,2016,GH,25,30,-2.4,-2.3,1.00017,0.00497426
13,looseIso,2016,GH,25,30,-2.3,-2.2,1.00739,0.00392622
13,looseIso,2016,GH,25,30,-2.2,-2.1,0.998083,0.00348936
13,looseIso,2016,GH,25,30,-2.1,-2,1.0038,0.00317578
13,looseIso,2016,GH,25,30,-2,-1.7,1.0024,0.00287069
13,looseIso,2016,GH,25,30,-1.7,-1.6,0.999058,0.00385692
13,looseIso,2016,GH,25,30,-1.6,-1.5,1.00093,0.00391799
13,looseIso,2016,GH,25,30,-1.5,-1.4,0.999019,0.00402452
13,looseIso,2016,GH,25,30,-1.4,-1.2,0.99896,0.00341127
13,looseIso,2016,GH,25,30,-1.2,-0.8,1.00018,0.00248502
13,looseIso,2016,GH,25,30,-0.8,-0.5,0.99949,0.00291359
13,looseIso,2016,GH,25,30,-0.5,-0.3,0.997012,0.00359945
13,looseIso,2016,GH,25,30,-0.3,-0.2,1.00052,0.0051333
13,looseIso,2016,GH,25,30,-0.2,0,0.992647,0.00385931
13,looseIso,2016,GH,25,30,0,0.2,1.00065,0.00333767
13,looseIso,2016,GH,25,30,0.2,0.3,0.996928,0.00486786
13,looseIso,2016,GH,25,30,0.3,0.5,0.998825,0.00359768
13,looseIso,2016,GH,25,30,0.5,0.8,0.999096,0.00309712
13,looseIso,2016,GH,25,30,0.8,1.2,0.999598,0.00276358
13,looseIso,2016,GH,25,30,1.2,1.4,1.00098,0.00322781
13,looseIso,2016,GH,25,30,1.4,1.5,0.996268,0.00502115
13,looseIso,2016,GH,25,30,1.5,1.6,0.999769,0.00404506
13,looseIso,2016,GH,25,30,1.6,1.7,0.99785,0.00398193
13,looseIso,2016,GH,25,30,1.7,2,1.00169,0.00221542
13,looseIso,2016,GH,25,30,2,2.1,1.0023,0.00366872
13,looseIso,2016,GH,25,30,2.1,2.2,1.00309,0.00360164
13,looseIso,2016,GH,25,30,2.2,2.3,1.00482,0.00382249
13,looseIso,2016,GH,25,30,2.3,2.4,0.999002,0.00434664
13,looseIso,2016,GH,30,40,-2.4,-2.3,1.0016,0.0015621
13,looseIso,2016,GH,30,40,-2.3,-2.2,1.00082,0.00134534
13,looseIso,2016,GH,30,40,-2.2,-2.1,1.00056,0.00131194
13,looseIso,2016,GH,30,40,-2.1,-2,1.00071,0.00125895
13,looseIso,2016,GH,30,40,-2,-1.7,1.00178,0.000966126
13,looseIso,2016,GH,30,40,-1.7,-1.6,1.00146,0.00136988
13,looseIso,2016,GH,30,40,-1.6,-1.5,1.00314,0.00165238
13,looseIso,2016,GH,30,40,-1.5,-1.4,1.00037,0.00160655
13,looseIso,2016,GH,30,40,-1.4,-1.2,0.998526,0.00103686
13,looseIso,2016,GH,30,40,-1.2,-0.8,0.998981,0.000765828
13,looseIso,2016,GH,30,40,-0.8,-0.5,0.999336,0.000911003
13,looseIso,2016,GH,30,40,-0.5,-0.3,0.998309,0.00104599
13,looseIso,2016,GH,30,40,-0.3,-0.2,0.997896,0.00148758
13,looseIso,2016,GH,30,40,-0.2,0,0.997383,0.00105542
13,looseIso,2016,GH,30,40,0,0.2,0.997315,0.00102481
13,looseIso,2016,GH,30,40,0.2,0.3,0.997954,0.00155546
13,looseIso,2016,GH,30,40,0.3,0.5,0.99881,0.00102025
13,looseIso,2016,GH,30,40,0.5,0.8,1.00008,0.000855131
13,looseIso,2016,GH,30,40,0.8,1.2,0.999827,0.000783392
13,looseIso,2016,GH,30,40,1.2,1.4,0.998493,0.00107472
13,looseIso,2016,GH,30,40,1.4,1.5,0.999948,0.00166521
13,looseIso,2016,GH,30,40,1.5,1.6,1.00114,0.00140407
13,looseIso,2016,GH,30,40,1.6,1.7,0.999262,0.00144766
13,looseIso,2016,GH,30,40,1.7,2,1.00118,0.000806644
13,looseIso,2016,GH,30,40,2,2.1,1.00053,0.00139415
13,looseIso,2016,GH,30,40,2.1,2.2,1.00064,0.00131244
13,looseIso,2016,GH,30,40,2.2,2.3,0.998848,0.00136472
13,looseIso,2016,GH,30,40,2.3,2.4,1.00109,0.00175545
13,looseIso,2016,GH,40,50,-2.4,-2.3,0.999484,0.000714869
13,looseIso,2016,GH,40,50,-2.3,-2.2,1.00121,0.000806406
13,looseIso,2016,GH,40,50,-2.2,-2.1,0.99986,0.00015803
13,looseIso,2016,GH,40,50,-2.1,-2,0.99981,0.000518855
13,looseIso,2016,GH,40,50,-2,-1.7,0.999763,0.000277422
13,looseIso,2016,GH,40,50,-1.7,-1.6,0.999855,0.000620732
13,looseIso,2016,GH,40,50,-1.6,-1.5,1.00026,0.000473133
13,looseIso,2016,GH,40,50,-1.5,-1.4,0.999887,0.000350224
13,looseIso,2016,GH,40,50,-1.4,-1.2,0.998769,0.000318847
13,looseIso,2016,GH,40,50,-1.2,-0.8,0.999282,0.00543732
13,looseIso,2016,GH,40,50,-0.8,-0.5,0.999282,0.000304164
13,looseIso,2016,GH,40,50,-0.5,-0.3,0.99876,0.000357586
13,looseIso,2016,GH,40,50,-0.3,-0.2,0.999439,0.000107311
13,looseIso,2016,GH,40,50,-0.2,0,0.998878,0.000470995
13,looseIso,2016,GH,40,50,0,0.2,0.998832,0.000287669
13,looseIso,2016,GH,40,50,0.2,0.3,0.99967,0.000576401
13,looseIso,2016,GH,40,50,0.3,0.5,0.999134,0.000361857
13,looseIso,2016,GH,40,50,0.5,0.8,0.9994,0.000300375
13,looseIso,2016,GH,40,50,0.8,1.2,0.999748,0.000311541
13,looseIso,2016,GH,40,50,1.2,1.4,0.999426,9.63284e-05
13,looseIso,2016,GH,40,50,1.4,1.5,0.999418,0.000114385
13,looseIso,2016,GH,40,50,1.5,1.6,0.999896,0.000493815
13,looseIso,2016,GH,40,50,1.6,1.7,0.999402,0.000489076
13,looseIso,2016,GH,40,50,1.7,2,0.99961,0.000328734
13,looseIso,2016,GH,40,50,2,2.1,0.999353,0.000666883
13,looseIso,2016,GH,40,50,2.1,2.2,1.00016,0.000397767
13,looseIso,2016,GH,40,50,2.2,2.3,1.00005,0.000796766
13,looseIso,2016,GH,40,50,2.3,2.4,1.00077,0.000564658
13,looseIso,2016,GH,50,60,-2.4,-2.3,0.998916,0.00210619
13,looseIso,2016,GH,50,60,-2.3,-2.2,0.999822,0.0018155
13,looseIso,2016,GH,50,60,-2.2,-2.1,0.999597,0.00141238
13,looseIso,2016,GH,50,60,-2.1,-2,0.999455,0.00110524
13,looseIso,2016,GH,50,60,-2,-1.7,0.999133,0.00066219
13,looseIso,2016,GH,50,60,-1.7,-1.6,0.999826,0.00120542
13,looseIso,2016,GH,50,60,-1.6,-1.5,1.0008,0.00111529
13,looseIso,2016,GH,50,60,-1.5,-1.4,0.99964,0.0010895
13,looseIso,2016,GH,50,60,-1.4,-1.2,0.999712,0.00291581
13,looseIso,2016,GH,50,60,-1.2,-0.8,0.999615,0.000654507
13,looseIso,2016,GH,50,60,-0.8,-0.5,0.99985,0.000804734
13,looseIso,2016,GH,50,60,-0.5,-0.3,0.999223,0.000805731
13,looseIso,2016,GH,50,60,-0.3,-0.2,0.998351,0.00105861
13,looseIso,2016,GH,50,60,-0.2,0,1.00022,0.000913893
13,looseIso,2016,GH,50,60,0,0.2,1.00032,0.000956279
13,looseIso,2016,GH,50,60,0.2,0.3,1.00016,0.00117657
13,looseIso,2016,GH,50,60,0.3,0.5,0.999524,0.000792059
13,looseIso,2016,GH,50,60,0.5,0.8,0.999784,0.000639795
13,looseIso,2016,GH,50,60,0.8,1.2,0.999422,0.000562775
13,looseIso,2016,GH,50,60,1.2,1.4,0.999826,0.000782889
13,looseIso,2016,GH,50,60,1.4,1.5,1.00094,0.000912191
13,looseIso,2016,GH,50,60,1.5,1.6,1.00049,0.00108151
13,looseIso,2016,GH,50,60,1.6,1.7,0.999637,0.000938054
13,looseIso,2016,GH,50,60,1.7,2,0.999576,0.000765231
13,looseIso,2016,GH,50,60,2,2.1,0.999248,0.00143526
13,looseIso,2016,GH,50,60,2.1,2.2,1.00102,0.00136212
13,looseIso,2016,GH,50,60,2.2,2.3,0.999821,0.00130066
13,looseIso,2016,GH,50,60,2.3,2.4,1.00032,0.00172602
13,looseIso,2016,GH,60,120,-2.4,-2.3,0.997906,0.00234649
13,looseIso,2016,GH,60,120,-2.3,-2.2,0.997331,0.00188045
13,looseIso,2016,GH,60,120,-2.2,-2.1,1.00236,0.00240838
13,looseIso,2016,GH,60,120,-2.1,-2,0.997614,0.00175412
13,looseIso,2016,GH,60,120,-2,-1.7,0.999643,0.00114702
13,looseIso,2016,GH,60,120,-1.7,-1.6,0.999779,0.00200176
13,looseIso,2016,GH,60,120,-1.6,-1.5,0.997685,0.00178784
13,looseIso,2016,GH,60,120,-1.5,-1.4,0.999201,0.00135329
13,looseIso,2016,GH,60,120,-1.4,-1.2,0.999903,0.00114164
13,looseIso,2016,GH,60,120,-1.2,-0.8,1.00036,0.000879191
13,looseIso,2016,GH,60,120,-0.8,-0.5,1.00012,0.00100656
13,looseIso,2016,GH,60,120,-0.5,-0.3,0.999772,0.00120352
13,looseIso,2016,GH,60,120,-0.3,-0.2,0.999353,0.00171068
13,looseIso,2016,GH,60,120,-0.2,0,0.999448,0.0012442
13,looseIso,2016,GH,60,120,0,0.2,0.999204,0.00113451
13,looseIso,2016,GH,60,120,0.2,0.3,0.998405,0.00206618
13,looseIso,2016,GH,60,120,0.3,0.5,1.00008,0.00123312
13,looseIso,2016,GH,60,120,0.5,0.8,1.00045,0.000864917
13,looseIso,2016,GH,60,120,0.8,1.2,1.00002,0.00114447
13,looseIso,2016,GH,60,120,1.2,1.4,1.00192,0.0012777
13,looseIso,2016,GH,60,120,1.4,1.5,1.00119,0.00148095
13,looseIso,2016,GH,60,120,1.5,1.6,0.999658,0.00124825
13,looseIso,2016,GH,60,120,1.6,1.7,0.99814,0.00135743
13,looseIso,2016,GH,60,120,1.7,2,0.999378,0.00100564
13,looseIso,2016,GH,60,120,2,2.1,0.998255,0.00169643
13,looseIso,2016,GH,60,120,2.1,2.2,1.00317,0.00223148
13,looseIso,2016,GH,60,120,2.2,2.3,1.00107,0.00282519
13,looseIso,2016,GH,60,120,2.3,2.4,0.998887,0.00360401
PDGid,WP,year,period,ptmin,ptmax,etamin,etamax,SF,SFerr
13,mediumID,2017,X,20,25,0,0.9,0.99463,0.00319383
13,mediumID,2017,X,20,25,0.9,1.2,1.00461,0.0042864
13,mediumID,2017,X,20,25,1.2,2.1,0.995538,0.00715402
13,mediumID,2017,X,20,25,2.1,2.4,0.975997,0.0197926
13,mediumID,2017,X,25,30,0,0.9,0.99427,0.00107815
13,mediumID,2017,X,25,30,0.9,1.2,0.996305,0.00762743
13,mediumID,2017,X,25,30,1.2,2.1,0.99353,0.0015882
13,mediumID,2017,X,25,30,2.1,2.4,0.974567,0.0209113
13,mediumID,2017,X,30,40,0,0.9,0.998511,0.000286372
13,mediumID,2017,X,30,40,0.9,1.2,0.999489,0.000509956
13,mediumID,2017,X,30,40,1.2,2.1,0.998242,0.00574843
13,mediumID,2017,X,30,40,2.1,2.4,0.979122,0.0264072
13,mediumID,2017,X,40,50,0,0.9,0.996668,0.000205126
13,mediumID,2017,X,40,50,0.9,1.2,0.997511,0.000390215
13,mediumID,2017,X,40,50,1.2,2.1,0.995924,0.000232605
13,mediumID,2017,X,40,50,2.1,2.4,0.976367,0.000952755
13,mediumID,2017,X,50,60,0,0.9,0.993758,0.000593651
13,mediumID,2017,X,50,60,0.9,1.2,0.99674,0.00133428
13,mediumID,2017,X,50,60,1.2,2.1,0.994647,0.00079594
13,mediumID,2017,X,50,60,2.1,2.4,0.971127,0.00301892
13,mediumID,2017,X,60,120,0,0.9,0.997312,0.00134785
13,mediumID,2017,X,60,120,0.9,1.2,0.995674,0.00431372
13,mediumID,2017,X,60,120,1.2,2.1,0.996436,0.00195913
13,mediumID,2017,X,60,120,2.1,2.4,0.981027,0.00759358
PDGid,WP,year,period,ptmin,ptmax,etamin,etamax,SF,SFerr
13,looseIso,2017,X,20,25,0,0.9,0.992514,0.00236679
13,looseIso,2017,X,20,25,0.9,1.2,0.994414,0.00403229
13,looseIso,2017,X,20,25,1.2,2.1,0.99669,0.00165145
13,looseIso,2017,X,20,25,2.1,2.4,0.997504,0.00220712
13,looseIso,2017,X,25,30,0,0.9,0.996396,0.0011009
13,looseIso,2017,X,25,30,0.9,1.2,0.9931,0.00203279
13,looseIso,2017,X,25,30,1.2,2.1,0.998952,0.00093208
13,looseIso,2017,X,25,30,2.1,2.4,0.999029,0.00120862
13,looseIso,2017,X,30,40,0,0.9,0.998285,0.000279973
13,looseIso,2017,X,30,40,0.9,1.2,0.997463,0.000523961
13,looseIso,2017,X,30,40,1.2,2.1,0.998899,0.000281845
13,looseIso,2017,X,30,40,2.1,2.4,0.998897,0.000390701
13,looseIso,2017,X,40,50,0,0.9,0.999386,0.000106278
13,looseIso,2017,X,40,50,0.9,1.2,0.998862,0.000210508
13,looseIso,2017,X,40,50,1.2,2.1,0.999387,0.00011091
13,looseIso,2017,X,40,50,2.1,2.4,0.999605,0.00048731
13,looseIso,2017,X,50,60,0,0.9,0.99972,0.000221759
13,looseIso,2017,X,50,60,0.9,1.2,0.9993,0.000421502
13,looseIso,2017,X,50,60,1.2,2.1,0.999699,0.00024302
13,looseIso,2017,X,50,60,2.1,2.4,1.00011,0.000503366
13,looseIso,2017,X,60,120,0,0.9,1.00004,0.000344277
13,looseIso,2017,X,60,120,0.9,1.2,1.00012,0.000864947
13,looseIso,2017,X,60,120,1.2,2.1,1.00035,0.000412806
13,looseIso,2017,X,60,120,2.1,2.4,0.999377,0.000872555
PDGid,WP,year,period,ptmin,ptmax,etamin,etamax,SF,SFerr
13,mediumID,2018,X,15,20,0,0.9,0.997092,0.00912046
13,mediumID,2018,X,15,20,0.9,1.2,0.996501,0.00301143
13,mediumID,2018,X,15,20,1.2,2.1,0.995491,0.00116005
13,mediumID,2018,X,15,20,2.1,2.4,0.976704,0.00305872
13,mediumID,2018,X,20,25,0,0.9,0.99661,0.00307802
13,mediumID,2018,X,20,25,0.9,1.2,0.995801,0.00185521
13,mediumID,2018,X,20,25,1.2,2.1,0.994839,0.00106468
13,mediumID,2018,X,20,25,2.1,2.4,0.975885,0.00453748
13,mediumID,2018,X,25,30,0,0.9,0.996941,0.00107887
13,mediumID,2018,X,25,30,0.9,1.2,0.995659,0.00105952
13,mediumID,2018,X,25,30,1.2,2.1,0.994463,0.000481988
13,mediumID,2018,X,25,30,2.1,2.4,0.974694,0.000960571
13,mediumID,2018,X,30,40,0,0.9,0.99612,0.000418156
13,mediumID,2018,X,30,40,0.9,1.2,0.995821,0.00202264
13,mediumID,2018,X,30,40,1.2,2.1,0.995056,0.000307928
13,mediumID,2018,X,30,40,2.1,2.4,0.976196,0.000468034
13,mediumID,2018,X,40,50,0,0.9,0.996577,0.0018504
13,mediumID,2018,X,40,50,0.9,1.2,0.995672,0.000183416
13,mediumID,2018,X,40,50,1.2,2.1,0.994717,0.000135675
13,mediumID,2018,X,40,50,2.1,2.4,0.973118,0.000463183
13,mediumID,2018,X,50,60,0,0.9,0.99709,0.000260065
13,mediumID,2018,X,50,60,0.9,1.2,0.995783,0.000462362
13,mediumID,2018,X,50,60,1.2,2.1,0.995206,0.00922268
13,mediumID,2018,X,50,60,2.1,2.4,0.975114,0.00144935
13,mediumID,2018,X,60,120,0,0.9,0.996259,0.00599479
13,mediumID,2018,X,60,120,0.9,1.2,0.995734,0.0104551
13,mediumID,2018,X,60,120,1.2,2.1,0.99517,0.00107437
13,mediumID,2018,X,60,120,2.1,2.4,0.974546,0.00235416
PDGid,WP,year,period,ptmin,ptmax,etamin,etamax,SF,SFerr
13,looseIso,2018,X,15,20,0,0.9,0.987703,0.00419461
13,looseIso,2018,X,15,20,0.9,1.2,0.998217,0.0060844
13,looseIso,2018,X,15,20,1.2,2.1,1.0209,0.00263024
13,looseIso,2018,X,15,20,2.1,2.4,1.04527,0.0039582
13,looseIso,2018,X,20,25,0,0.9,0.992146,0.001988
13,looseIso,2018,X,20,25,0.9,1.2,0.995058,0.00331225
13,looseIso,2018,X,20,25,1.2,2.1,1.01332,0.00144608
13,looseIso,2018,X,20,25,2.1,2.4,1.02743,0.00231183
13,looseIso,2018,X,25,30,0,0.9,0.995389,0.000913684
13,looseIso,2018,X,25,30,0.9,1.2,0.995898,0.00160741
13,looseIso,2018,X,25,30,1.2,2.1,1.00677,0.000813434
13,looseIso,2018,X,25,30,2.1,2.4,1.01417,0.00131025
13,looseIso,2018,X,30,40,0,0.9,0.99769,0.000229163
13,looseIso,2018,X,30,40,0.9,1.2,0.997741,0.000458175
13,looseIso,2018,X,30,40,1.2,2.1,1.0021,0.000234377
13,looseIso,2018,X,30,40,2.1,2.4,1.00544,0.00040311
13,looseIso,2018,X,40,50,0,0.9,0.999178,0.000103085
13,looseIso,2018,X,40,50,0.9,1.2,0.999035,0.000179877
13,looseIso,2018,X,40,50,1.2,2.1,1.00072,4.24175e-06
13,looseIso,2018,X,40,50,2.1,2.4,1.00165,0.000113054
13,looseIso,2018,X,50,60,0,0.9,0.999486,0.000179507
13,looseIso,2018,X,50,60,0.9,1.2,0.999778,0.000349243
13,looseIso,2018,X,50,60,1.2,2.1,1.00047,0.00096226
13,looseIso,2018,X,50,60,2.1,2.4,1.00129,0.00044499
13,looseIso,2018,X,60,120,0,0.9,0.999793,0.000287638
13,looseIso,2018,X,60,120,0.9,1.2,1.0001,0.00114791
13,looseIso,2018,X,60,120,1.2,2.1,1.00029,0.00086675
13,looseIso,2018,X,60,120,2.1,2.4,1.00132,0.000903786
